lake,ct,lndu,developed,forest,cultivated,wetlands,depthf,areaf,depth,area,elev,eutro,dys,oligo,Blue,Green,Nir,Red,RT,WshA,dep_avg
nhdhr_0b5e30c9-8c3f-401b-9931-91ac59b2662a,Linear,forest,9.9798387097,63.9616935483,0,16.0786290322,"(15,20]","(1e+06,1e+07]",1.2164087224905316,6.42230683073767,2.505149978319906,7.25989078286939e-8,0.999941989750776,5.79376503156843e-5,0.257673390200734,0.234896972101997,0.308402465314241,0.199027172383028,65.5,2721.2,9.7
nhdhr_0E445706-1F3E-47FA-8A83-D38E2C953307,Constant,water,0,4.8238654396,0,0.0317359568,"(40,50]","(1e+07,1e+09]",1.6572012310798372,7.988531860535891,2.505149978319906,7.169791774201129e-251,1,6.995842265223639e-156,0.307013741309476,0.29427604881011,0.241522145992977,0.157188063887437,349.3,19058.6,23.4
nhdhr_105231881,Linear,NA,NA,NA,NA,NA,"(5,10]","(1e+06,1e+07]",0.9611362173872255,6.919981826616012,2.505149978319906,0.0403985565491052,0.00239572053315647,0.957205722917738,0.267616480554486,0.29457065845206,0.231035810550635,0.206777050442819,56.5,243.2,2.5
nhdhr_105567402,Constant,wetlands,3.6376930811,7.3302257564,0.0456996618,80.440544740000007,"(5,10]","(1e+07,1e+09]",0.7634279935629381,8.683680136545464,2.505149978319906,6.43448978939325e-188,1,7.5368953307743e-115,0.279012354325229,0.325515777007065,0.15549877396198,0.239973094705725,2731.9,4851.6,3.7
nhdhr_105954753,Linear,forest,7.6260536399,67.8865900383,0.1685823755,14.2375478927,"(20,25]","(1e+07,1e+09]",1.3541084391474014,8.20427545310322,2.505149978319906,6.296232363068649e-75,1,3.3824412673417197e-50,0.275319186535952,0.283328159359962,0.213952844565013,0.227399809539074,2025.7,1276.7,16.3
nhdhr_107074156,Constant,forest,23.7714285715,52.6857142858,0.9142857143,9.4857142858,"(15,20]","(1e+06,1e+07]",1.2548669743097074,6.29577440863423,2.505149976862422,3.1098095869393e-4,3.81739925098135e-6,0.999685201642055,0.290872688373767,0.276946471438202,0.317113550507033,0.115067289680998,274.4,19.2,5.7
nhdhr_107074838,Anoxia,cultivated,4.2944785276,20.245398773,38.6503067485,34.9693251534,"(5,10]","(1e+04,1e+05]",0.7853298350107687,4.784085856622629,2.505149978319906,NA,NA,NA,NA,NA,NA,NA,NA,NA,NA
nhdhr_109981506,Anoxia,developed,87.0967741936,2.3041474654,3.6866359447,2.3041474654,"(5,10]","(1e+05,1e+06]",0.9891649409874691,5.7144229585160575,2.505149978319906,0.128061125472872,1.64741853970228e-5,0.871922400341731,0.258449800453162,0.312078433649911,0.254143218006403,0.175328547890524,1718.9,1.3,3.6
nhdhr_113471457,Linear,wetlands,23.6232629954,21.2043232115,0.3602676274,35.8723623263,"(25,30]","(1e+07,1e+09]",1.423245873936808,7.550490405363662,2.505149978319906,7.348889703593481e-9,0.381171792676146,0.618828199974965,0.313137605794118,0.309499861877207,0.189068486406054,0.188294045922621,343.6,422.2,2
nhdhr_114542575,Constant,forest,5.3745928339,87.4592833876,0,1.6286644951,"(20,25]","(1e+06,1e+07]",1.3648285549483545,6.012989273743006,2.505149978319906,5.1409462725766e-4,2.83546394075958e-7,0.999485621826348,0.305718903387986,0.29901693540328,0.302321070790599,0.0929430904181344,1371,3.3,6.4
nhdhr_114544961,Constant,wetlands,6.6265060241,36.7469879518,0,43.3734939759,"(5,10]","(1e+05,1e+06]",0.8062342574014825,5.378682215073043,2.505149978319906,0.035982645288333,0.00244505992948474,0.961572294782182,0.292481889368153,0.259163532575914,0.254445786581616,0.193908791474318,95.6,9.8,3.7
nhdhr_120017988,Linear,forest,19.3655477683,35.3006270749,4.0575433419,34.3784581336,"(5,10]","(1e+06,1e+07]",0.8989883106383811,6.777743964309407,2.505149978319906,0.0542891708345554,1.85745144792e-4,0.945525084020652,0.244526664874075,0.293982246540028,0.277667215360255,0.183823873225642,341.4,85.1,3.2
nhdhr_120017991,Constant,developed,52.7958387516,12.3537061118,1.1703511053,26.9180754226,"(5,10]","(1e+06,1e+07]",0.9153787268265504,6.23952787167072,2.505149978319906,0.600594731748437,5.84820911884194e-6,0.399399420042444,0.234206695834234,0.344402035904265,0.214047546885021,0.207343721376481,409.8,12.2,2
nhdhr_120017997,Anoxia,NA,NA,NA,NA,NA,"(0,5]","(1e+06,1e+07]",0,6.026745178197344,2.505149978319906,0.95566775477438,5.3143305316862303e-05,0.0442791019203036,0.196388868223517,0.268265520577024,0.321654103219232,0.213691507980228,623.5,6.5,2.2
nhdhr_120018005,Constant,cultivated,18.0285343709,9.0791180286,49.5460440985,12.1919584955,"(0,5]","(1e+06,1e+07]",0.32911300268182,6.214598391498303,2.505149978319906,0.994160881385407,1.39451682249517e-5,0.00582517344636812,0.199352186004283,0.284120721286958,0.266370010272149,0.25015708243661,398.7,15.6,2.5
nhdhr_120018006,Constant,NA,NA,NA,NA,NA,"(0,5]","(1e+06,1e+07]",0.17609125905568124,6.1275302475688544,2.505149978319906,0.30658004424074,4.0459734804676e-4,0.693015358411213,0.251865971631587,0.28768690981919,0.255224184586674,0.205222933962549,114.7,33.8,1.8
nhdhr_120018008,Constant,wetlands,14.5482388973,8.9586523737,3.5987748851,67.1516079632,"(0,5]","(1e+06,1e+07]",0.6601062217232444,6.347839062025722,2.505149978319906,0.67017300531435,3.97104649230541e-5,0.329787284220726,0.233145262794717,0.318318282332785,0.234863654767031,0.213672800105467,225.4,79.8,2.8
nhdhr_120018012,Anoxia,NA,NA,NA,NA,NA,"(0,5]","(1e+05,1e+06]",-0.04083090908299061,5.915759048173408,2.505147174134428,0.98660582896007,2.47010945836434e-5,0.0133694699453465,0.197690112258218,0.275810886258203,0.292020863507818,0.234478137975761,20.1,196.2,3.3
nhdhr_120018014,Constant,wetlands,23.7762237762,12.5874125874,11.4685314686,36.7832167832,"(5,10]","(1e+06,1e+07]",0.7392874677708692,6.282766629267656,2.505149978319906,0.67017300531435,3.97104649230541e-5,0.329787284220726,0.233145262794717,0.318318282332785,0.234863654767031,0.213672800105467,225.4,79.8,2.8
nhdhr_120018017,Constant,NA,NA,NA,NA,NA,"(0,5]","(1e+06,1e+07]",0.08607495399552553,6.176755059561288,2.505149978319906,0.993854798000771,2.86054241932174e-5,0.00611659657503616,0.203854064875506,0.279201616211029,0.262309517749379,0.254634801164086,22.3,209.1,2
nhdhr_120018022,Linear,developed,89.6551724138,4.4827586207,0,0,"(5,10]","(1e+05,1e+06]",0.845742798685156,5.361202017872041,2.505149978319906,0.964109890231022,6.96920452572745e-6,0.035883140564452,0.204456840480175,0.299746489120249,0.267093232080385,0.228703438319191,408.8,1.8,2.4
nhdhr_120018025,Constant,wetlands,21.0755813953,24.7093023256,0.1453488372,43.023255814,"(5,10]","(1e+06,1e+07]",0.7850449583315443,6.108647963417394,2.505149978319906,0.497424564328178,8.68274965283e-5,0.502488608175293,0.238886564617347,0.297497233542616,0.260419488601161,0.203196713238875,198.5,24.4,2.6
nhdhr_120018027,Anoxia,NA,NA,NA,NA,NA,"(0,5]","(1e+05,1e+06]",0.18225359264944424,5.427496469932833,2.5051482381968757,0.905700456145263,1.2283232384907e-4,0.0941767115308876,0.21243580051569,0.269937075056201,0.299306359863877,0.218320764564232,1371.6,0.8,2.5
nhdhr_120018032,Linear,developed,45.7104557641,26.8096514746,0.4021447721,17.292225201,"(10,15]","(1e+06,1e+07]",1.0403174634348504,6.626910675894905,2.505149978319906,0.825825929435572,5.92613583651614e-5,0.174114809206063,0.22349100653998,0.296777555388776,0.265444561833891,0.214286876237354,2833.7,8,3.6
nhdhr_120018036,Constant,developed,91.094890511,1.7518248175,0,3.3576642336,"(5,10]","(1e+06,1e+07]",0.9153787268265504,6.260346707704865,2.505149978319906,0.521184790278921,7.09465032971223e-5,0.478744263217782,0.24825190777777,0.305970011986861,0.238534248009315,0.207243832226054,1020.8,10.8,4
nhdhr_120018038,Linear,developed,75.5208333333,2.6041666667,4.6875,8.3333333333,"(15,20]","(1e+05,1e+06]",1.2322029896737636,5.789221120984751,2.505149978319906,0.918841844407178,7.05509822311795e-6,0.0811511004945993,0.234340051622905,0.325554274349328,0.209019330968103,0.231086343059664,819.6,4.5,3.9
nhdhr_120018046,Linear,developed,62.0027434842,26.2917238226,1.4631915866,3.3836305441,"(20,25]","(1e+06,1e+07]",1.3978288150512799,6.993289716138004,2.505149978319906,2.0124516378729e-4,0.00844268206813641,0.991356072768076,0.308514419877828,0.295957983146658,0.218398657670731,0.177128939304784,1507.2,58.2,5.9
nhdhr_120018047,Anoxia,developed,74.4303797469,9.8734177215,1.0126582278,6.835443038,"(0,5]","(1e+05,1e+06]",0.2552725051033088,5.637942180368612,2.505149978319906,0.114330181333653,0.0014652701822092,0.884204548484138,0.237790609599677,0.241969856231166,0.346984267663025,0.173255266506132,1112.4,1.5,2.7
nhdhr_120018049,Anoxia,developed,65.7142857144,15.3142857143,2.9714285715,9.3714285714,"(15,20]","(1e+05,1e+06]",1.26934479767833,5.983194738634506,2.505149978319906,0.79493046325610806,7.03484534838639e-6,0.205062501898544,0.240469111536128,0.326223307318733,0.221103356951493,0.212204224193646,816.6,8.3,4.7
nhdhr_120018055,Linear,developed,78.4580498866,8.3900226757,0,5.6689342404,"(5,10]","(1e+05,1e+06]",0.9611362173872255,5.776734923025167,2.505149978319906,0.858041528330059,1.96678726821552e-5,0.141938803797259,0.222338978575225,0.294182360677718,0.27384604357006,0.209632617176997,895.3,5.3,4.7
nhdhr_120018059,Linear,developed,73.342354533100007,11.6373477673,2.9769959405,5.4127198918,"(5,10]","(1e+05,1e+06]",0.845742798685156,5.885912157424447,2.505149978319906,0.954283483429498,4.53527557583672e-6,0.0457119812949265,0.217498534742096,0.313159258285317,0.241184038687436,0.228158168285151,10.8,445.9,4
nhdhr_120018060,Linear,wetlands,31.5181518152,2.4752475248,0.6600660067,56.2706270627,"(10,15]","(1e+06,1e+07]",1.0280830070178388,6.078703056330361,2.505149978319906,0.406715652010828,2.5937846713584e-4,0.593024969522037,0.246517971816609,0.285035659075613,0.265331637608798,0.20311473149898,302.2,18.8,3.1
nhdhr_120018061,Linear,wetlands,15.6146179402,12.2923588039,0,70.4318936877,"(5,10]","(1e+05,1e+06]",0.8062342574014825,5.360437859722817,2.505149978319906,0.883277521400111,1.19479775137929e-5,0.116710530622376,0.221108588429741,0.305549509830328,0.255960932179252,0.21738096956068,220.1,6.2,3.2
nhdhr_120018071,Anoxia,developed,91.6666666667,4.3859649123,0,1.7543859649,"(20,25]","(1e+05,1e+06]",1.3413474590988317,5.238774363450829,2.505149978319906,0.419863291760599,1.9190181083242e-4,0.579944806428569,0.236849481825972,0.277500608311019,0.290586822856148,0.195063087006861,50.5,15.3,2.7
nhdhr_120018072,Anoxia,developed,80,6.7889908257,2.0183486238,0.7339449541,"(10,15]","(1e+05,1e+06]",1.1072642530654635,5.932571593733376,2.505149978319906,0.818314584040351,5.47908038942292e-5,0.181630625155755,0.240795840786961,0.303338725548153,0.23217127340752,0.223694160257366,400.7,13.8,3.9
nhdhr_120018073,Linear,developed,83.0476190477,4.380952381,0.9523809524,5.7142857143,"(5,10]","(1e+05,1e+06]",0.9611362173872255,5.868302084959138,2.505149978319906,0.892248374788073,5.15842889354999e-6,0.107746466783033,0.21996848193,0.314651388652287,0.25019591589469,0.215184213523024,1078.2,4.2,3.7
nhdhr_120018074,Anoxia,developed,88.9240506329,5.6962025316,0,0,"(10,15]","(1e+05,1e+06]",1.1467727943491373,5.457416146877042,2.505149978319906,0.871868007275172,1.4526712677136e-6,0.12813054005356,0.222437039198072,0.33861227089617,0.224369121980345,0.214581567925414,523.9,2.9,3.2
nhdhr_120018078,Constant,developed,43.6893203883,5.0970873786,6.5533980583,38.3495145631,"(0,5]","(1e+05,1e+06]",0.5254076478257882,5.525674613848097,2.505149978319906,0.795191448223171,2.3973697777332e-4,0.204568814799056,0.242443259559564,0.286053445459028,0.243585933941033,0.227917361040375,38.7,33.8,2.8
nhdhr_120018079,Linear,developed,83.1016042781,4.064171123,0.2139037433,5.7754010695,"(10,15]","(1e+06,1e+07]",1.0403174634348504,6.179591817322035,2.505149978319906,0.416171071730485,5.2932669763436e-4,0.583299601571881,0.250603448860724,0.27870894435616,0.26366187450469,0.207025732278425,780.8,12.3,4.2
nhdhr_120018081,Linear,developed,86.0033726813,4.2158516021,0.1686340641,1.8549747048,"(10,15]","(1e+05,1e+06]",1.0967988193872986,5.9782070739101325,2.505149978319906,0.770512460849206,1.0800525854535e-4,0.229379533892249,0.237653601985492,0.28979267123138,0.255517276587285,0.217036450195843,133.5,41.1,4.2
nhdhr_120018084,Linear,developed,88.5906040269,1.0067114094,1.677852349,0.6711409396,"(15,20]","(1e+05,1e+06]",1.2322029896737636,5.471942061048508,2.505149978319906,0.829974745589733,2.57929493355309e-5,0.169999461460932,0.231785178461281,0.301423754344883,0.251099233071505,0.215691834122331,642.9,3,4
nhdhr_120018085,Anoxia,developed,79.512195122,13.4146341463,0.7317073171,1.4634146341,"(5,10]","(1e+05,1e+06]",0.8819549713396008,5.437309260002382,2.505149978319906,0.941875369668922,4.44958775720385e-5,0.0580801344535065,0.219412877043404,0.286886620725246,0.26392056714733,0.22977993508402,19.3,114.6,3.6
nhdhr_120018088,Linear,developed,65.8259773014,11.1601513241,1.8915510719,13.1778058008,"(10,15]","(1e+06,1e+07]",1.1561128206032807,6.575487002909994,2.505149978319906,0.839555746398181,2.57757977041879e-7,0.160443995843842,0.214497222901462,0.351037122413164,0.233575010271225,0.200890644414149,552,49.5,4.6
nhdhr_120018089,Linear,developed,69.5652173914,16.4596273292,10.8695652174,0.3105590062,"(10,15]","(1e+05,1e+06]",1.0403174634348504,5.5936253150303585,2.505149978319906,0.196688919544199,3.8003835721588e-4,0.802931042098585,0.265225923817629,0.277061134305745,0.262347788821619,0.195365153055008,993.2,2.6,4.5
nhdhr_120018090,Constant,developed,66.4556962025,9.1772151899,10.1265822785,0,"(0,5]","(1e+05,1e+06]",0.6601062217232444,5.434221442070811,2.505149977646679,0.720507323179456,3.53590906540841e-6,0.279489140911479,0.22366775393137,0.321481893734537,0.256891790126574,0.197958562207519,242.4,6.7,3.4
nhdhr_120018091,Linear,developed,38.3720930233,33.4302325582,4.215116279,17.7325581395,"(10,15]","(1e+06,1e+07]",1.0280830070178388,6.063856297070505,2.505149978319906,0.946521652457914,1.67196233202789e-8,0.0534783308224627,0.202647278583749,0.371926490923866,0.218354994102255,0.207071236390131,999.9,10.3,4.9
nhdhr_120018092,Linear,developed,45.8677685951,28.9256198347,1.652892562,5.785123967,"(5,10]","(1e+05,1e+06]",0.8642262043791692,5.189030104819151,2.5051499739830074,0.665355844791362,2.18180374354046e-5,0.334622337171203,0.238181758326971,0.309443226031397,0.246493001298679,0.205882014342953,14.2,120.5,3.5
nhdhr_120018094,Constant,developed,69.2460317461,15.0793650794,0.3968253968,7.7380952381,"(0,5]","(1e+05,1e+06]",0.6601062217232444,5.829533486003959,2.505149978319906,0.751765747048204,3.3433176262361e-5,0.248200819775534,0.225669621350396,0.291159019245343,0.280001383800456,0.203169975603804,473.7,9,4.2
nhdhr_120018097,Linear,developed,79.5419847328,4.4274809161,5.6488549618,2.1374045801,"(5,10]","(1e+05,1e+06]",0.9753766565018358,5.655404171503798,2.505149978319906,0.576600798050875,8.52556794525808e-6,0.42339067638118,0.237380448487234,0.323081905607943,0.240782328036375,0.198755317868448,415.5,4.7,3.2
nhdhr_120018098,Constant,developed,44.3396226415,17.2955974843,3.1446540881,19.4968553459,"(0,5]","(1e+05,1e+06]",0.6601062217232444,5.593689949740632,2.505149978319906,0.751682963047722,6.61001449871032e-5,0.248250936807291,0.220503634021161,0.281745665219819,0.294750056307743,0.203000644451277,219.2,10.2,3.3
nhdhr_120018100,Linear,developed,75.5517826825,5.9422750424,6.1120543294,0,"(25,30]","(1e+06,1e+07]",1.438257472106888,6.229758846266023,2.505149978319906,0.665372292873154,1.01233856729236e-6,0.334626694788279,0.242405528230854,0.364496790368553,0.195384598195781,0.197713083204812,764.1,17,4.9
nhdhr_120018102,Anoxia,developed,55.2162849872,15.2671755725,1.0178117048,16.5394402036,"(10,15]","(1e+05,1e+06]",1.0522166867345581,5.76349333045498,2.505149978319906,0.980569043681858,8.10966384316985e-7,0.0194301453517579,0.207391787041774,0.323886167177501,0.235877956507809,0.232844089272917,1717.3,2.6,4.3
nhdhr_120018103,Anoxia,developed,72.5663716814,3.5398230088,7.5221238938,2.2123893805,"(5,10]","(1e+05,1e+06]",0.9753766565018358,5.342532699597408,2.505149978319906,NA,NA,NA,NA,NA,NA,NA,NA,NA,NA
nhdhr_120018106,Linear,developed,51.7786561265,8.4980237154,7.3122529644,1.3833992095,"(5,10]","(1e+05,1e+06]",0.9891649409874691,5.917627659154046,2.505149978319906,0.481065707272529,5.02653693899096e-5,0.518884027358082,0.243354955378788,0.303361560412291,0.252482204728225,0.200801279480696,477.5,9,3.3
nhdhr_120018107,Linear,forest,31.779661017,54.6610169492,4.2372881356,0.8474576271,"(10,15]","(1e+05,1e+06]",1.0280830070178388,5.285421005423503,2.505149978303362,0.787121117702335,2.43332309094527e-5,0.212854549066756,0.232390395778221,0.299270189912069,0.259077655179164,0.209261759130546,122.1,9.3,4.4
nhdhr_120018108,Linear,wetlands,12.7946127946,21.5488215488,0,58.2491582491,"(0,5]","(1e+05,1e+06]",0.688134945323488,5.467944033596241,2.505149978319906,0.842304473290425,3.3660353622595e-4,0.157358923173349,0.206924655471192,0.25396754091194,0.337417570144903,0.201690233471965,677.5,2.6,4.7
nhdhr_120018114,Linear,developed,59.1910323743,23.7673434193,3.2923101043,7.0235948891,"(30,35]","(1e+07,1e+09]",1.4927603890268377,8.051158450080036,2.505149978319906,2.79028582831421e-8,0.707366715143281,0.292633256953861,0.27503115595395,0.313406770639934,0.225690822604961,0.185871250801155,1252.9,307,6.7
nhdhr_120018120,Linear,wetlands,6.734006734,38.3838383838,0.6734006734,45.1178451178,"(5,10]","(1e+05,1e+06]",0.9395192526186179,5.609261358018874,2.505149978319906,0.861768498227707,9.91240285150346e-6,0.138221589369442,0.209460372196859,0.29236756536099,0.297276136984382,0.200895925457769,1538.3,1.5,4
nhdhr_120018124,Linear,forest,16.3084702908,52.4652338812,9.608091024,9.8609355246,"(15,20]","(1e+05,1e+06]",1.2398898183400546,5.97463519351852,2.505149978319906,0.337775252653367,4.3168356856297e-4,0.66179306377807,0.237695035216226,0.265144627377292,0.306214746138556,0.190945591267925,193.1,29.1,4.1
nhdhr_120018126,Linear,developed,34.9301397206,33.5329341317,2.5948103792,25.1497005988,"(10,15]","(1e+05,1e+06]",1.0025289025454507,5.627914455312137,2.505149978319906,0.89494465200214,2.51498637446881e-6,0.105052833011486,0.213356605189196,0.315217359261173,0.2626576201999,0.208768415349732,128.8,17.5,3.8
nhdhr_120018129,Constant,forest,0.7800312012,42.4336973478,11.7004680187,37.2854914196,"(5,10]","(1e+06,1e+07]",0.714463884045837,6.0185207323354035,2.505149978319906,0.907091271747991,1.03187469911591e-5,0.0928984095050175,0.221596327817437,0.303304898337034,0.258362105427114,0.216736668418414,616.6,12.5,4.6
nhdhr_120018132,Anoxia,forest,17.6165803109,71.7616580311,5.1813471503,3.8860103627,"(10,15]","(1e+05,1e+06]",1.1742110426960768,5.633928991755947,2.505149978319906,0.762926503741376,1.95163851070065e-5,0.237053979873517,0.223905710233759,0.294164728140172,0.281297523026036,0.200632038600033,1480,2,4.4
nhdhr_120018133,Linear,developed,30.7365439094,29.178470255,6.1614730878,24.5750708215,"(20,25]","(1e+06,1e+07]",1.3291130026818199,6.43454955849085,2.505149978319906,0.73086241709678,1.0938867175517e-4,0.269028194231465,0.232056195260762,0.28529073273149,0.274456803778258,0.20819626822949,1992.5,14,5.9
nhdhr_120018135,Linear,forest,0,38.2629107982,23.2394366197,24.1784037559,"(0,5]","(1e+05,1e+06]",0.3010299956639812,5.6386529930552864,2.505149978319906,0.394856399751599,2.9877158889796e-4,0.604844828659503,0.218705246578745,0.255545573386406,0.347031012656362,0.178718167378488,415.7,5.3,3.7
nhdhr_120018136,Linear,forest,6.3414634146,43.4146341463,1.9512195122,36.5853658537,"(10,15]","(1e+05,1e+06]",1.0403174634348482,5.826909317731825,2.505149978311079,0.880463846124614,5.70308186952339e-6,0.119530450793516,0.216469221631885,0.305646737798952,0.269928712956424,0.20795532761274,1236.3,3.5,4.2
nhdhr_120018139,Linear,wetlands,4.3269230769,31.0096153846,15.1442307692,42.3076923076,"(10,15]","(1e+05,1e+06]",1.0860749539955254,5.822832550066732,2.505149978319906,0.964562497524227,2.66005257984888e-6,0.0354348424231929,0.206799573948829,0.310940436069283,0.256914817155379,0.225345172826508,461.5,7.6,3.5
nhdhr_120018140,Linear,forest,9.3062605753,34.6869712352,12.1827411168,33.1641285956,"(10,15]","(1e+06,1e+07]",1.0860749539955254,6.079372908738516,2.505149978319906,0.526939979341209,1.00334669998798e-5,0.473049987191791,0.241073786256607,0.317861062468436,0.24679448855276,0.194270662722197,1418.4,5.6,4.4
nhdhr_120018146,Constant,water,20.89093702,13.5176651306,11.7767537122,14.7465437788,"(15,20]","(1e+06,1e+07]",1.182984967003582,6.740414661045177,2.505149978319906,0.980034021067155,1.3407494985228e-4,0.019831903982993,0.226337521278118,0.286658470720171,0.237207804848541,0.249796203153171,14.3,2849.6,6.2
nhdhr_120018182,Anoxia,NA,NA,NA,NA,NA,"(0,5]","(1e+05,1e+06]",0.3010299956639812,5.819117482070016,2.505149978319906,0.965813630154578,3.75734480092154e-5,0.0341487963974123,0.210513635919693,0.284864945070018,0.273898318442535,0.230723100567754,8.3,855.3,2.8
nhdhr_120018204,Constant,wetlands,3.2520325203,36.3143631436,14.0921409214,38.7533875339,"(5,10]","(1e+05,1e+06]",0.8976270912904402,5.578811060322582,2.505149978319906,0.763597778425293,6.22009091863543e-7,0.236401599565615,0.232594300478524,0.364090270462023,0.198211472022203,0.20510395703725,500.6,3.6,3.5
nhdhr_120018211,Linear,forest,14.7338403043,35.4562737642,9.5057034221,33.174904943,"(15,20]","(1e+06,1e+07]",1.2548669743097074,6.5180949768139484,2.505149978319906,0.803508275503712,2.11513947438658e-5,0.196470573101544,0.240022244529766,0.323186154176946,0.215206279065322,0.221585322227967,1755.6,14.1,4.5
nhdhr_120018212,Linear,wetlands,0,38.1974248927,0,54.5064377683,"(5,10]","(1e+05,1e+06]",0.8976270912904402,5.144496370082407,2.505149978319906,NA,NA,NA,NA,NA,NA,NA,NA,NA,NA
nhdhr_120018220,Constant,cultivated,15.5069582505,15.8051689861,26.3419483101,17.3956262425,"(5,10]","(1e+06,1e+07]",0.8061799739838856,6.569687159592852,2.505149978319906,0.878625123854478,6.32175933434845e-7,0.121374243969589,0.221669803709843,0.360330354863577,0.201950883369371,0.216048958057208,759.7,31.6,3.9
nhdhr_120018226,Constant,wetlands,0.0867302689,36.2532523851,1.8213356461,51.2575888986,"(5,10]","(1e+06,1e+07]",0.8062342574014825,6.314719034881119,2.505149978319906,0.851832174726497,3.73997848075059e-5,0.148130425488696,0.227460239020297,0.296753109984805,0.259522370762277,0.216264280232621,3409.3,4.7,4.5
nhdhr_120018233,Anoxia,cultivated,16.0356347439,13.8084632517,42.0935412027,15.3674832962,"(0,5]","(1e+05,1e+06]",0.6301429983458011,5.871807199590467,2.505149978319906,0.698102644559215,2.39825811263148e-5,0.301873372859658,0.212586668295412,0.285112630237705,0.312445553533292,0.189855147933591,582,7.8,3.6
nhdhr_120018361,Anoxia,NA,NA,NA,NA,NA,"(0,5]","(1e+06,1e+07]",0.2621662130512068,6.472305939352375,2.505149978319906,0.99744692691032,1.52006129809055e-6,0.00255155302838255,0.195622574024209,0.303879377808703,0.247737561702128,0.25276048646496,901.4,20.6,3.7
nhdhr_120018379,Constant,herbaceous,13.7985725614,5.5511498811,22.8390166534,8.564631245,"(0,5]","(1e+06,1e+07]",0.5204045632285869,6.605501868373693,2.5051239180199874,0.570937237728733,6.92904182202095e-5,0.428993471853046,0.235947310216038,0.308919160420768,0.245900422557658,0.209233106805537,506.5,42.3,2.7
nhdhr_120018423,Constant,cultivated,32.208588957,0,34.2024539877,22.6993865031,"(0,5]","(1e+05,1e+06]",0.6301429983458011,5.918764978704069,2.505149978319906,0.974665573342383,2.7880095131615e-4,0.0250556257063009,0.217163575189956,0.263669098518567,0.273301077027056,0.245866249264421,474,8.3,2.4
nhdhr_120018459,Constant,forest,20.593809223,34.3651295009,6.9488313329,28.3006948831,"(5,10]","(1e+06,1e+07]",0.9611362173872255,6.678207044116569,2.505149978319906,0.247787367514067,6.5217101295317e-5,0.752147415384638,0.25,0.326741996233522,0.220809792843691,0.202448210922787,786.4,103.6,4.1
nhdhr_120018493,Linear,developed,49.4487545938,22.8664761127,3.6749693753,16.9048591262,"(20,25]","(1e+07,1e+09]",1.392499981546213,7.093849498605597,2.505149978319906,0.595026072047589,9.2798839146174e-4,0.404045939560949,0.246708699713605,0.318292870177961,0.201897035396377,0.233101394712057,821.4,215.4,4.2
nhdhr_120018495,Linear,forest,28.3317800559,32.7120223672,4.9394221808,11.3699906803,"(10,15]","(1e+06,1e+07]",1.1742110426960768,6.711913586763594,2.505149978319906,0.559506900237284,9.48818422634991e-6,0.440483611578489,0.240820411262174,0.348650590553576,0.202428751495741,0.208100246688509,282.3,237.9,4.1
nhdhr_120018510,Constant,developed,36.5168539325,30.4173354735,3.8523274478,15.4895666131,"(10,15]","(1e+06,1e+07]",1.1072642530654635,6.874526053768999,2.505149978319906,0.547222095250028,9.26807311677916e-6,0.452768636676856,0.238817729508805,0.348666133139135,0.203940805966057,0.208575331386002,464.9,280.4,5.3
nhdhr_120018511,Linear,wetlands,7.9044117647,26.6544117647,2.7573529411,57.9044117647,"(5,10]","(1e+05,1e+06]",0.9464129605665192,5.8704228899778705,2.505149978319906,0.914169323698201,4.14691005253708e-5,0.0857892072012737,0.225767734024462,0.29322030833757,0.254450663915705,0.226561293722263,1412.3,7.4,3.9
nhdhr_120019016,Constant,forest,12.8406708595,56.0272536687,0.0524109014,21.8291404612,"(50,80]","(1e+07,1e+09]",1.7999853081244805,7.310133097342311,2.505149978319906,2.13373160691102e-8,0.089009764307361,0.910990214355323,0.287361836894597,0.283633473031486,0.268628945312757,0.16037574476116,3345.9,85.1,6.1
nhdhr_120019058,Constant,forest,0,77.924423451,0,6.0155598777,"(50,80]","(1e+07,1e+09]",1.7464660523979922,7.537886588977825,2.505149978319906,7.169791774201129e-251,1,6.995842265223639e-156,0.307013741309476,0.29427604881011,0.241522145992977,0.157188063887437,349.3,19058.6,23.4
nhdhr_120019246,Constant,forest,7.6123036069,53.3303828281,0,26.7315777827,"(10,15]","(1e+07,1e+09]",1.1072642530654635,7.117433781170917,2.505149978319906,7.25989078286939e-8,0.999941989750776,5.79376503156843e-5,0.257673390200734,0.234896972101997,0.308402465314241,0.199027172383028,65.5,2721.2,9.7
nhdhr_120019294,Constant,wetlands,30.9334421103,19.0427629342,2.5222652798,37.3716772045,"(10,15]","(1e+07,1e+09]",1.0860749539955254,8.714748723691804,2.505149978319906,5.577472124437729e-183,1,3.1512233432691694e-95,0.281899840831483,0.337862733261904,0.177923622495067,0.202313803411545,5105.7,1067.8,7.8
nhdhr_120019336,Linear,wetlands,23.5104669887,27.2141706925,3.3816425121,32.68921095,"(5,10]","(1e+06,1e+07]",0.9753766565018358,6.294883084693085,2.505149978319906,0.0113950270885824,2.89567340231219e-6,0.988602077238015,0.24228598372462,0.315085725321353,0.298148491788583,0.144479799165444,549.1,12.2,2.3
nhdhr_120019354,Constant,forest,3.5179615423,46.1829610354,0.6961576155,37.170085499,"(40,50]","(1e+07,1e+09]",1.662757831681574,8.267700713170655,2.505149978319906,NA,NA,NA,NA,NA,NA,NA,NA,NA,NA
nhdhr_120019371,Linear,forest,0.9755556788,58.9490604735,0.2438889197,24.3002050885,"(20,25]","(1e+07,1e+09]",1.3741906394526797,7.987900923121168,2.505149978319906,7.169791774201129e-251,1,6.995842265223639e-156,0.307013741309476,0.29427604881011,0.241522145992977,0.157188063887437,349.3,19058.6,23.4
nhdhr_120019513,Linear,wetlands,4.0535937322,32.1448847507,0.1249006472,51.5612580901,"(20,25]","(1e+07,1e+09]",1.3291130026818199,8.361684211604043,2.505149978319906,1.0104687910031e-59,1,2.3984993019093797e-23,0.302554803068038,0.303053157284021,0.187858046740384,0.206533992907557,385.3,3883.6,2.7
nhdhr_120019636,Linear,forest,14.4362075692,39.3679282091,7.6082715567,27.4678111588,"(10,15]","(1e+06,1e+07]",1.0860749539955254,6.769905465919742,2.505149978319906,0.99273541087506,2.26536981143708e-8,0.00726456647124222,0.207189686150053,0.348164956275276,0.205789352813522,0.238856004761149,1602,44,7.3
nhdhr_120019638,Linear,forest,29.0759753593,39.5893223819,8.4188911704,8.8295687885,"(35,40]","(1e+07,1e+09]",1.6012862583233274,7.078135104267965,2.505149978319906,0.0760244495427831,8.823330656706e-4,0.923093217391546,0.263470290814636,0.333646957059656,0.195008341134219,0.20787441099149,204,821.8,7.8
nhdhr_120019661,Anoxia,developed,42.9514380009,20.0377180575,4.4790193305,5.7048561999,"(30,35]","(1e+07,1e+09]",1.525407647825788,7.352243733476316,2.505149978319906,6.50442587445177e-8,0.405767304873159,0.594232630082582,0.295747437820185,0.32984076043732,0.20991593123966,0.164495870502834,712.8,394.4,7.1
nhdhr_120019704,Constant,developed,55.6358381503,9.9710982659,11.4161849711,11.8497109827,"(5,10]","(1e+06,1e+07]",0.719846456785136,6.391947274495763,2.505149978319906,0.467429398089219,1.3464595103241e-4,0.532435955959749,0.240327828825105,0.298945067360491,0.254630857375289,0.206096246439115,194.3,52.1,2.5
nhdhr_120019712,Linear,forest,10.0364963503,55.6569343065,12.9562043796,11.3138686131,"(5,10]","(1e+06,1e+07]",0.9464129605665192,6.027530311757637,2.505149978319906,0.990734396633504,8.87671796686481e-7,0.00926471569469945,0.198552683430868,0.310017540482138,0.257063685730762,0.234366090356232,2393.4,3.5,4.9
nhdhr_120019732,Linear,wetlands,27.5347400927,10.9109624292,18.605249614,27.946474524,"(20,25]","(1e+07,1e+09]",1.3035588982094317,7.408572675164942,2.505149978319906,3.6238168067636e-4,0.146290351632508,0.853347266686815,0.269836401106269,0.304607677901717,0.217797600916796,0.207758320075219,886.6,256.1,4.8
nhdhr_120019749,Linear,forest,26.6500966583,36.3987848661,22.6456779895,4.7776857222,"(15,20]","(1e+06,1e+07]",1.269512944217917,6.936100078180092,2.505149978319906,0.870403598657671,2.35699439618185e-7,0.129596165642889,0.211757140472834,0.377601883646278,0.198854625503521,0.211786350377367,72.7,838,3.9
nhdhr_120019849,Linear,forest,21.2173913043,44.3478260869,0.6956521739,14.7826086956,"(20,25]","(1e+05,1e+06]",1.392499981546213,5.855080170764212,2.505149978319906,0.802298908305141,7.48327592375667e-7,0.197700343367266,0.232740213523132,0.348042704626335,0.21779359430605,0.201423487544484,24.3,245.7,4.9
nhdhr_120019850,Linear,forest,17.0623145401,42.7299703264,5.2670623145,15.2077151335,"(10,15]","(1e+06,1e+07]",1.117271295655765,6.1398470104666,2.505149978319906,0.996315773772985,8.06691954826391e-9,0.00368421816009569,0.187823090178059,0.352670878805284,0.221711659965537,0.23779437105112,62,222.1,5.8
nhdhr_120019854,Linear,forest,17.8481468154,35.3724361282,3.8143216985,27.8517452321,"(20,25]","(1e+07,1e+09]",1.328379603438738,7.10656690933287,2.505149978319906,0.297030776216251,4.21379384545126e-5,0.702927085845294,0.238043491998124,0.336352180582308,0.216147248753184,0.209457078666384,341.5,402.9,5.9
nhdhr_120019861,Constant,cultivated,21.1363636364,22.6136363636,28.1818181819,17.8409090909,"(0,5]","(1e+06,1e+07]",0.688134945323488,6.33063021540502,2.505149978319906,0.988122664635393,4.20752745307982e-7,0.0118769146118619,0.18933688282749,0.318960730095924,0.265166009969575,0.226536377107011,422.2,24.3,3
nhdhr_120019864,Linear,forest,25.6629597947,46.9632164242,7.1856287425,8.126603935,"(30,35]","(1e+06,1e+07]",1.4840149626675632,6.500992395816268,2.505149978319906,0.881828929641117,3.00470501300226e-6,0.11816806565387,0.237002345132203,0.320771422544454,0.23117195737643,0.211054274946913,2441.3,19.8,8.5
nhdhr_120019913,Linear,forest,11.8065433855,47.0839260313,0,30.867709815,"(10,15]","(1e+06,1e+07]",1.0967988193872986,6.382146751844938,2.505149978319906,0.0362924477273131,2.29236040321217e-5,0.963684628668655,0.259416208896347,0.300219297261637,0.27450458229276,0.165859911549256,1132.5,22.7,4.6
nhdhr_120019932,Constant,wetlands,17.9475484606,14.275940707,1.0034207525,52.8848346636,"(30,35]","(1e+07,1e+09]",1.4968521873727354,7.529692147508742,2.505149978319906,1.52276379629219e-15,0.999543724369266,4.5627563073281e-4,0.311884169462003,0.322827473653652,0.203809321022366,0.161479035861979,5856.8,84.9,6.1
nhdhr_120020090,Constant,cultivated,5.9860325907,7.4825407382,37.5789823745,29.2983039575,"(0,5]","(1e+06,1e+07]",0.5979583149743999,6.900360762050303,2.505149978319906,0.991857825937462,1.68020816198421e-5,0.00812537198091847,0.226584074274786,0.319885529964886,0.183750213491175,0.269780182269153,505,103,2.4
nhdhr_120020198,Anoxia,wetlands,0,8.8200238379000009,26.221692491,37.4255065554,"(0,5]","(1e+06,1e+07]",0.48401496266756316,6.08735523240705,2.505149978319906,0.995010059316447,1.64950065248459e-6,0.00498829118290029,0.186142144165666,0.297180245938601,0.27733109336894,0.239346516526792,565.6,10.5,2.9
nhdhr_120020199,Linear,forest,32.8257191201,35.0253807107,1.0152284264,22.5042301185,"(10,15]","(1e+05,1e+06]",1.1274676391537506,5.854363737243144,2.505149978319906,0.734128596674608,1.92781986562484e-5,0.265852125126736,0.232588733631375,0.30238248447564,0.260942089713842,0.204086692179143,2124.5,2.6,4.6
nhdhr_120020200,Linear,developed,82.057416268,6.3397129186,0.3588516746,5.8612440191,"(5,10]","(1e+05,1e+06]",0.9311729940097824,5.996697591472167,2.505149978319906,0.856515448786562,4.64565233245034e-5,0.143438094690113,0.226866731932827,0.28670973096386,0.273774264053461,0.212649273049852,2461.9,4,5.7
nhdhr_120020204,Anoxia,forest,5.329153605,75.2351097179,3.4482758621,8.4639498433,"(10,15]","(1e+05,1e+06]",1.0967988193872986,5.6647432285854595,2.505149978319906,0.735079079738545,7.86000355503074e-5,0.264842320225905,0.227747332739686,0.282430297947746,0.284802452705205,0.205019916607363,3107.1,0.9,4.2
nhdhr_120020206,Anoxia,developed,49.2811960897,12.5934445084,24.9568717654,5.8654399079,"(10,15]","(1e+07,1e+09]",1.0403174634348504,7.094999070921728,2.505149978319906,0.111127300362318,5.2087275489274e-4,0.88835182688279,0.231911036271026,0.286297501182807,0.288383673046122,0.193407789500044,3169.2,42.4,5.9
nhdhr_120020207,Constant,water,23.9819004525,14.0271493213,0,21.9457013575,"(0,5]","(1e+05,1e+06]",0.4358314150522012,5.857533174149711,2.505139608499634,0.94919724941943,4.94896348340882e-6,0.0507978016170868,0.213818455492706,0.307859506928091,0.254807345203868,0.223514692375335,241.5,12.9,3.9
nhdhr_120020208,Constant,developed,49.4296577946,29.0874524715,6.6539923954,1.3307984791,"(5,10]","(1e+05,1e+06]",0.714463884045837,5.6637383628072175,2.505149978319906,0.953355720132609,7.18923709688577e-6,0.0466370906302944,0.210000977395048,0.304730183740878,0.257523741709502,0.227745097154573,515.3,3.5,2.6
nhdhr_120020210,Constant,developed,69.3931398417,5.8047493404,1.055408971,5.2770448549,"(0,5]","(1e+05,1e+06]",0.6601062217232444,5.593502895978417,2.505149978319906,0.922409082413038,3.22814603119377e-6,0.0775876894409311,0.213748579155577,0.314096851277371,0.255832684335764,0.216321885231287,198.5,9,3.6
nhdhr_120020211,Constant,wetlands,24.7588424437,14.4694533762,9.3247588425,39.22829582,"(5,10]","(1e+05,1e+06]",0.845742798685156,5.592549256400898,2.505149978319906,0.881174006921571,6.8621112884354e-6,0.11881913096714,0.226673485548123,0.31969326475312,0.232895596756372,0.220737652942385,890.6,2.3,3.2
nhdhr_120020212,Linear,developed,52.312599681,23.7639553429,4.7846889952,4.4657097288,"(5,10]","(1e+05,1e+06]",0.9153787268265504,5.866386328720274,2.505149978319906,0.634134487791703,9.7743436280081e-4,0.364888077845496,0.233354407768495,0.2599181744245,0.298395753820978,0.208331663986027,1394.5,3.5,4.5
nhdhr_120020213,Constant,wetlands,24.6073298429,24.8691099476,0,39.0052356021,"(0,5]","(1e+05,1e+06]",0.688134945323488,5.822891771772725,2.505149978319906,0.99749749234638,1.96461219350933e-7,0.00250231119240113,0.19262509132823,0.323588110071155,0.23095614105469,0.252830657545925,357.4,14.2,5.2
nhdhr_120020218,Linear,developed,87.9245283018,7.9245283019,0,0,"(10,15]","(1e+05,1e+06]",1.0025289025454507,5.092149783638783,2.505149978319906,0.792449482903168,2.6941461174822e-4,0.207281102485083,0.224228920623934,0.268494367706275,0.294471957534879,0.212804754134912,11.2,52.4,3
nhdhr_120020220,Constant,forest,15.206185567,51.5463917526,2.3195876289,2.8350515464,"(0,5]","(1e+05,1e+06]",0.5254076478257882,5.5309554317239495,2.505149978319906,0.89881745333168,1.39065868758673e-6,0.101181156009632,0.211503904704017,0.322039421691938,0.258411778844456,0.208044894759589,237.3,7.5,3.7
nhdhr_120020225,Linear,cultivated,10.9207708779,20.1284796573,55.6745182013,5.1391862955,"(5,10]","(1e+05,1e+06]",0.714463884045837,5.955219390152256,2.505149978319906,0.992020391161919,4.37071760593042e-7,0.00797917176632024,0.187704539900601,0.310518230953038,0.272250936002608,0.229526293143754,1373.9,4.3,4.1
nhdhr_120020226,Anoxia,developed,66.9291338582,16.0104986877,8.1364829396,0,"(0,5]","(1e+05,1e+06]",0.29692831931041874,5.225446888774728,2.505149978319906,NA,NA,NA,NA,NA,NA,NA,NA,NA,NA
nhdhr_120020235,Constant,forest,20.4502814259,39.4934333959,28.330206379,3.095684803,"(5,10]","(1e+06,1e+07]",0.8062342574014825,6.081251887488538,2.505149978319906,0.933884552386059,8.00899095855479e-5,0.066035357704355,0.223708376448599,0.287302167268707,0.255154679077002,0.233834777205693,356.6,13.9,2.6
nhdhr_120020236,Constant,cultivated,16.826923077,27.7243589744,29.807692307699998,8.1730769231,"(0,5]","(1e+05,1e+06]",0.5254076478257882,5.680917403206726,2.505149978319906,0.701261475494426,2.44933549165886e-5,0.298714031150657,0.211660373853915,0.291055140537606,0.302337143390552,0.194947342217928,263.2,5.6,2.1
nhdhr_120020240,Linear,developed,87.2480075012,5.5789967182,2.0159399907,0,"(15,20]","(1e+06,1e+07]",1.2164087224905316,6.587238069480378,2.505149978319906,0.504028750885439,5.68812919363321e-5,0.495914367822625,0.230262694380071,0.292705234648959,0.280676502389028,0.196355568581942,667.3,76.8,6.1
nhdhr_120020242,Linear,developed,85.8536585367,4.8780487805,0.5853658536,0.487804878,"(10,15]","(1e+06,1e+07]",1.0860749539955254,6.176968011238895,2.505149978319906,0.504028750885439,5.68812919363321e-5,0.495914367822625,0.230262694380071,0.292705234648959,0.280676502389028,0.196355568581942,667.3,76.8,6.1
nhdhr_120020245,Linear,developed,63.2612966601,13.7524557957,1.9646365422,11.3948919449,"(5,10]","(1e+05,1e+06]",0.9891649409874691,5.9722948066772314,2.505149978319906,0.798928639308343,5.39616963136944e-5,0.201017398995344,0.215365214035086,0.279156937286478,0.304421393790544,0.201056454887891,607.6,9,4
nhdhr_120020246,Constant,forest,4.2748091603,47.786259542,20,11.2977099236,"(0,5]","(1e+05,1e+06]",0.38710494965950676,5.767725084604408,2.505149978319906,0.684687150314512,0.00127124001376236,0.314041609671725,0.212217184192393,0.242739828716434,0.350908079585489,0.194134907505685,124.9,20.8,2.7
nhdhr_120020250,Constant,water,10.3351955307,14.5251396648,24.8603351956,8.1005586592,"(0,5]","(1e+05,1e+06]",0.5979583149743999,5.817334397734753,2.505149978319906,0.964235474095681,3.26047976181029e-5,0.0357319211067007,0.211767696415111,0.284811416715725,0.27117977455881,0.232241112310354,97,25.2,3.3
nhdhr_120020307,Linear,developed,37.4041900869,25.907000511,14.9718957588,8.6867654573,"(30,35]","(1e+06,1e+07]",1.5052042617375012,6.526765550924067,2.505149978319906,0.860579627916613,1.44405633363169e-6,0.139418928027053,0.22844108638146499,0.35069759847932,0.204374924688088,0.216486390451127,449.3,51.3,4.5
nhdhr_120020334,Linear,forest,26.7015706806,33.3333333334,21.1169284468,9.7731239092,"(5,10]","(1e+05,1e+06]",0.9464129605665192,5.946052583484751,2.5051499777100847,0.992465490311171,2.54661199089582e-8,0.00753448422270903,0.192297498905186,0.358448850279171,0.209938892689708,0.239314758125935,245.4,19.3,4.2
nhdhr_120020342,Anoxia,forest,3.3039647577,50.6607929515,35.2422907489,6.8281938326,"(5,10]","(1e+05,1e+06]",0.8819549713396008,5.4752625862015885,2.505149978319906,0.89109783744012,1.04890087077123e-7,0.108902057669792,0.213765460613073,0.369952532467098,0.207570047957133,0.208711958962696,591.8,2.7,3.6
nhdhr_120020343,Anoxia,developed,53.6262203625,24.8256624826,2.8940027894,9.0655509066,"(10,15]","(1e+06,1e+07]",1.0403174634348504,6.963322506699953,2.505149978319906,0.591789017371161,4.4514295706205e-4,0.407765839671777,0.241790481850285,0.30623551222188,0.229480474926744,0.222493531001091,518.7,121,4.6
nhdhr_120020347,Anoxia,forest,25.6944444445,49.7685185185,9.4907407407,7.4074074074,"(10,15]","(1e+05,1e+06]",1.0025289025454507,5.549456234908082,2.505149978319906,0.105099672735382,1.4560334640873e-4,0.89475472391821,0.253527534565796,0.274833648713871,0.29564124356918,0.175997573151154,710,2.7,3.7
nhdhr_120020348,Anoxia,forest,0,61.5960099751,32.4189526184,3.2418952618,"(0,5]","(1e+05,1e+06]",0.3979400086720376,5.385204965872562,2.505149978319906,0.990666886709931,8.93032340458344e-8,0.00933302398683477,0.175440692806008,0.319951151846609,0.285536125026143,0.219072030321241,575.7,1.7,3.8
nhdhr_120020350,Linear,forest,22.7118644068,43.7288135593,29.4915254237,0,"(5,10]","(1e+05,1e+06]",0.7392874677708692,5.278245897641578,2.505149978319906,0.889007964902642,3.36493808748391e-5,0.110958385716484,0.203675371390132,0.277496740268079,0.312933376504191,0.205894511837599,125.4,4.5,2.8
nhdhr_120020352,Anoxia,NA,NA,NA,NA,NA,"(0,5]","(1e+05,1e+06]",0.3010299956639812,5.11877871654309,2.505149978319906,NA,NA,NA,NA,NA,NA,NA,NA,NA,NA
nhdhr_120020354,Linear,forest,11.5335868188,51.4575411914,7.6045627377,12.0828052387,"(15,20]","(1e+06,1e+07]",1.182984967003582,6.8346270118496495,2.505149978319906,0.0111061045289185,5.1148006662651e-4,0.988382415404455,0.27060718182976,0.291846805504019,0.25556433969267,0.181981672973551,1647.6,41.4,6.7
nhdhr_120020357,Constant,forest,11.3636363636,69.3181818181,9.0909090909,7.9545454546,"(0,5]","(1e+04,1e+05]",0.6020599913279624,4.779470385422374,2.505149978319906,NA,NA,NA,NA,NA,NA,NA,NA,NA,NA
nhdhr_120020359,Linear,cultivated,0,45.1790633609,49.8622589532,3.305785124,"(5,10]","(1e+05,1e+06]",0.7781512503836436,5.250387769100263,2.505149978319906,0.884298035009214,1.29563540835782e-5,0.115689008636703,0.198975760562286,0.286939420261893,0.311562759734774,0.202522059441047,234.5,1.8,2.3
nhdhr_120020360,Linear,NA,NA,NA,NA,NA,"(0,5]","(1e+05,1e+06]",0.3010299956639812,5.347401028257091,2.505149978319906,NA,NA,NA,NA,NA,NA,NA,NA,NA,NA
nhdhr_120020364,Linear,forest,8.7786259542,76.7175572519,0,1.5267175572,"(5,10]","(1e+05,1e+06]",0.8989883106383811,5.244721970293183,2.505149978319906,0.649746987690535,3.48471191221632e-6,0.350249527597553,0.223984557922172,0.316973808531024,0.268729107979199,0.190312525567605,138.7,5.3,3.7
nhdhr_120020366,Constant,forest,7.5418994413,45.530726257,8.1005586592,27.094972067,"(0,5]","(1e+05,1e+06]",0.6020599913279624,5.278619573390319,2.505149978319906,0.870706512964931,9.36040940537936e-6,0.129284126625664,0.207842618837097,0.2954257200072,0.292563425766723,0.204168235388981,16,68.8,3.2
nhdhr_120020367,Anoxia,forest,0,46.5277777778,27.0833333333,13.1944444444,"(0,5]","(1e+05,1e+06]",0.6989700043360189,5.1170398109896,2.505149978319906,NA,NA,NA,NA,NA,NA,NA,NA,NA,NA
nhdhr_120020370,Linear,forest,26.9461077844,56.8862275449,1.6766467066,2.0359281437,"(15,20]","(1e+06,1e+07]",1.2969283193104186,6.2670685026460715,2.505149978319906,0.144350526039767,2.12670651789892e-5,0.855628206895054,0.270598924830765,0.305038787991044,0.249210983105915,0.175151304072277,213.4,90.8,7.3
nhdhr_120020373,Constant,water,0,27.0422535211,0.2816901408,0.8450704225,"(5,10]","(1e+05,1e+06]",0.9311729940097824,5.742643536443247,2.505149978319906,0.277756352375963,3.3470014437973e-4,0.721908947479658,0.2420602198954,0.26539329369094,0.304895558994731,0.187650927418929,46.3,95.8,5
nhdhr_120020376,Anoxia,NA,NA,NA,NA,NA,"(0,5]","(1e+05,1e+06]",0.3010299956639812,5.473035858437615,2.505149978319906,0.729093170379752,6.21739140996468e-5,0.270844655706148,0.22804904896019,0.291755729101996,0.27034299638983,0.209852225547984,330.6,2.7,2.4
nhdhr_120020379,Linear,developed,65.5589123867,8.1570996979,3.3232628399,16.918429003,"(0,5]","(1e+05,1e+06]",0.6020599913279624,5.2572617966902735,2.505149978319906,0.908158700889863,8.97625169736708e-5,0.0917515365931636,0.213178154935847,0.273157272544978,0.296342853740657,0.217321718778519,163.5,5.6,3.4
nhdhr_120020387,Constant,developed,74,16.5714285714,0.5714285714,0.8571428571,"(5,10]","(1e+05,1e+06]",0.714463884045837,5.471597038670364,2.505149978319906,0.413200858063373,5.60071885190623e-5,0.586743134748109,0.238498006837908,0.296901047683027,0.269732778562319,0.194868166916746,897.4,1.2,2.5
nhdhr_120020388,Constant,forest,29.648241206,56.4489112227,2.8475711893,1.3400335008,"(5,10]","(1e+05,1e+06]",0.845742798685156,5.803183233628957,2.505149978319906,0.678172143268476,9.05852716407073e-5,0.321737271459883,0.237877851976474,0.288191791826691,0.266178374871079,0.207751981325756,192.1,18.5,4.4
nhdhr_120020392,Constant,forest,22.8882833787,62.9427792915,0,0.8174386921,"(0,5]","(1e+05,1e+06]",0.6301429983458011,5.548559874588536,2.505149978319906,0.0781522744842811,5.71757533400485e-5,0.921790549762379,0.267352861487526,0.29368304734337,0.264254833077975,0.174709258091129,83.7,18.5,3.7
nhdhr_120020398,Anoxia,cultivated,0.1490312966,44.7093889717,45.4545454545,6.5573770491,"(0,5]","(1e+05,1e+06]",0.3010299956639812,5.72813374755429,2.505149978319906,0.994502145417218,1.905973217595e-6,0.00549594860956476,0.19691006855712,0.306131173091123,0.245050399338871,0.251908359012885,38.3,45.5,3.2
nhdhr_120020567,Constant,forest,1.9434628975,78.9399293286,0,10.812720848,"(30,35]","(1e+06,1e+07]",1.4840149626675632,6.917314905747111,2.505149978319906,1.2511905261577e-4,5.89432396415e-4,0.999285448550969,0.290960597030173,0.286667609298455,0.267896000830781,0.154475792840591,1528.4,30.4,8.4
nhdhr_120020636,Constant,forest,5.2141527001,67.7839851024,0,16.3873370577,"(0,5]","(1e+06,1e+07]",0.6601062217232444,6.157461649937712,2.505149978319906,4.4415300185425e-4,0.00359485502250713,0.995960991975639,0.287318334023022,0.217080291555507,0.344498628855768,0.151102745565703,355.7,13.5,5.2
nhdhr_120020759,Constant,forest,8.2578046325,78.8519637463,0,8.0563947633,"(0,5]","(1e+06,1e+07]",0.6301429983458011,6.238186020876406,2.505149978319906,0.966317184258011,4.69178404844436e-6,0.0336781239579406,0.23257572352024,0.324699245578421,0.20217528257469,0.240549748326649,557.3,36.3,5.7
nhdhr_120020798,Constant,forest,13.4636264929,48.8599348534,1.1943539631,26.7100977199,"(5,10]","(1e+06,1e+07]",0.8450980400142568,6.274024730627255,2.505149978319906,0.466257411090015,1.0560848330729e-4,0.533636980426678,0.241007372739709,0.289667971526705,0.270315524386373,0.199009131347214,6.2,1632.3,3.8
nhdhr_120020800,Constant,wetlands,7.4918566775,31.8132464712,4.1259500543,53.6373507057,"(0,5]","(1e+06,1e+07]",0.6601062217232444,6.333472575086431,2.505149978319906,0.979283961056773,2.14914928358068e-6,0.0207138897939437,0.212465300178052,0.317765628831486,0.234315059993791,0.235454010996672,43.3,643.3,4.4
nhdhr_120020805,Linear,developed,42.1965317919,23.6994219654,13.5838150289,11.8497109827,"(10,15]","(1e+05,1e+06]",1.1561128206032807,5.663627985325783,2.505149978319906,0.266165373962809,5.37456618136558e-5,0.733780880375377,0.247002246950351,0.296196906535353,0.269453001675486,0.18734784483881,5867,0.7,3.3
nhdhr_120020844,Constant,wetlands,9.2592592592,34.0740740741,1.7283950617,49.7530864198,"(0,5]","(1e+06,1e+07]",0.6601062217232444,6.325256914278214,2.505149978319906,0.126090193304394,1.2215630843085e-4,0.873787650387176,0.258155952934605,0.299528927831035,0.252291390825424,0.190023728408936,1564,10.7,3.1
nhdhr_121622394,Anoxia,developed,56.2313908975,20.5019140791,3.7856231391,12.2926414292,"(10,15]","(1e+06,1e+07]",1.137227476442907,6.9941551178064145,2.505149978319906,0.0539517948404005,0.00127983508029911,0.944768370079301,0.272532508963612,0.323561145158351,0.195666613048648,0.208239732829389,995.5,61,4.8
nhdhr_121622699,Anoxia,developed,73.9673390971,7.3006724304,2.0172910662,8.6455331412,"(15,20]","(1e+06,1e+07]",1.2969283193104186,6.28051855517662,2.505149978319906,0.394926140501145,1.3290009986121e-4,0.604940959398994,0.266036022615835,0.315787366494913,0.205987660545485,0.212188950343767,285,32.8,3.8
nhdhr_121623004,Linear,wetlands,23.3887733889,29.9376299376,0.9355509356,40.7484407484,"(0,5]","(1e+06,1e+07]",0.38710494965950676,6.053374858438674,2.505149978319906,0.646059538315471,1.95345635171773e-5,0.353920927121012,0.237609772407088,0.309086094512679,0.250574923055778,0.202729210024454,63.3,66.4,4.1
nhdhr_121623043,Linear,developed,75.9670781892,0.8230452675,0.1646090534,20.4938271604,"(15,20]","(1e+06,1e+07]",1.182984967003582,6.570667320556035,2.505149978319906,0.725607661551068,5.5877372621551e-4,0.273833564722717,0.251550679346277,0.296337150446504,0.218476079301033,0.233636090906186,81,161.2,2.9
nhdhr_121623126,Anoxia,developed,37.5296912113,27.3159144893,1.6627078384,27.3159144893,"(5,10]","(1e+05,1e+06]",0.8989883106383811,5.7965860520682755,2.505149978319906,0.655053123985163,2.29632170031145e-5,0.344923912797834,0.245526431851685,0.314470466723638,0.231936789466519,0.208066311958158,733.6,4.1,4.1
nhdhr_121623268,Linear,forest,10.4212860311,56.5410199556,1.5521064301,20.8425720621,"(5,10]","(1e+05,1e+06]",0.9464129605665192,5.769235503271845,2.505149978319906,0.123964682473358,1.3433611136145e-4,0.87590098141528006,0.265448596105515,0.284827180455986,0.265820077001154,0.183904146437345,1313.9,2.8,4.6
nhdhr_121623301,Anoxia,forest,26.7772511849,36.7693522906,2.7251184834,14.5734597156,"(15,20]","(1e+06,1e+07]",1.224377652161807,6.470551053418011,2.505149978319906,0.467997647677385,1.87308980186918e-5,0.531983621424596,0.256858257755776,0.325017634719789,0.220714785410794,0.197409322113641,735,39.1,7.1
nhdhr_121623808,Linear,developed,50.5454545454,12.3636363636,1.8181818182,19.2727272727,"(5,10]","(1e+05,1e+06]",0.8264376434897693,5.537980912496398,2.505149978319906,0.168635708913848,2.9065470452345e-4,0.831073636381628,0.255393659889891,0.277104692182487,0.278808104665036,0.188693543262586,3917.6,0.3,3
nhdhr_121623866,Anoxia,developed,68.0974477959,14.7331786543,1.5081206497,10.3248259861,"(10,15]","(1e+06,1e+07]",1.0025289025454507,6.261797217175888,2.505149978319906,0.0141518548414579,3.6215297696941e-4,0.985485992181573,0.27293876477305,0.270312144093995,0.286020704682831,0.170728386450124,407.9,16.4,3.4
nhdhr_121623871,Linear,developed,48.1442484865,36.0884443275,6.159515662,0.7896814952,"(40,50]","(1e+07,1e+09]",1.6143487311625693,7.340905990731592,2.505149978319906,9.02607175715582e-5,0.0173559420093826,0.982553797273046,0.268345558054698,0.298924441228797,0.239147209437784,0.193582791278721,756.8,77.9,2.3
nhdhr_121839184,Constant,forest,12.6984126984,51.6402116403,2.328042328,17.8835978836,"(5,10]","(1e+06,1e+07]",0.9153787268265504,6.659632060955197,2.5051499766807956,0.582987353093275,3.0136808625641e-4,0.416711278820469,0.244729226953286,0.296816866473749,0.242248863166598,0.216205043406366,1498.4,49.9,5.2
nhdhr_121857622,Linear,NA,NA,NA,NA,NA,"(40,50]","(1e+07,1e+09]",1.6143487311625693,7.615594937630764,2.505149978319906,3.27372313051653e-16,0.0010995921141075,0.998900407885892,0.351609566302255,0.28569861902115,0.20733387336609,0.155357941310506,334.2,112.7,0.6
nhdhr_121859009,Anoxia,developed,58.5616438356,9.2465753424,0,16.4383561644,"(10,15]","(1e+05,1e+06]",1.0280830070178388,5.084711686586342,2.505149978319906,0.268872724798189,1.8011577134873e-4,0.730947159430463,0.235671476866181,0.272948889335911,0.30778810333947,0.183591530458438,64.7,8,2.5
nhdhr_121860894,Constant,NA,NA,NA,NA,NA,NA,NA,NA,NA,NA,0.966676054907633,9.31977155586462e-8,0.0333238518946518,0.219654384815193,0.37588841320439,0.173797489175106,0.230659712805311,1171.6,17.6,5.6
nhdhr_122551004,Constant,NA,NA,NA,NA,NA,NA,NA,NA,NA,NA,0.821053235258284,0.00234882375177944,0.176597940989937,0.222860204595265,0.28513122295637,0.27034977057329,0.221658801875075,45.7,10135.6,6.5
nhdhr_122851099,Constant,developed,42.6277372263,1.7518248175,4.2335766423,5.6934306569,"(10,15]","(1e+06,1e+07]",1.00556074977314,6.16698051430454,2.505149978319906,0.86175845350238,2.97808461599337e-5,0.13821176565146,0.229261666639632,0.308563513469034,0.236886100837824,0.22528871905351,832,10.5,2.4
nhdhr_123148239,Linear,forest,11.1777944487,45.6864216053,0.4126031508,28.3945986497,"(30,35]","(1e+06,1e+07]",1.4968521873727354,6.772881937006046,2.505149978319906,0.00291406030308469,2.6810870383037e-4,0.996817830993085,0.285685724374428,0.279536615787848,0.270356504729616,0.164421155108107,244.3,83.6,8
nhdhr_126212479,Anoxia,NA,NA,NA,NA,NA,"(0,5]","(1e+07,1e+09]",0.48401496266756316,7.642489091274621,2.505149978319906,0.998555389688607,1.1851997805039e-8,0.00144459845939569,0.202291592103387,0.304992337071695,0.271496610454546,0.221219460370371,308.6,3387.7,6.1
nhdhr_129223861,Anoxia,developed,31.4217443249,16.4277180406,0,30.7048984468,"(25,30]","(1e+07,1e+09]",1.438257472106888,7.010818126079553,2.505149978319906,0.409197090560267,0.00588159432893581,0.584921315110797,0.284317781503519,0.401111287699849,0.120951265218484,0.193619665578148,175.8,479.8,7.2
nhdhr_129225129,Constant,NA,NA,NA,NA,NA,NA,NA,NA,NA,NA,0.0785982106523687,9.10303495276853e-6,0.921392686312679,0.283629777356685,0.340034646018313,0.211291879221179,0.165043697403823,110.4,117.9,5.9
nhdhr_129226232,Constant,NA,NA,NA,NA,NA,NA,NA,NA,NA,NA,1.86224689179059e-6,0.993976658235369,0.00602147951773889,0.310248351400813,0.359896309569838,0.145209410833368,0.184645928195981,642.7,293.3,7.1
nhdhr_137059882,Anoxia,cultivated,14.875389408,28.5825545171,29.2056074766,22.1183800623,"(0,5]","(1e+05,1e+06]",0.38710494965950676,5.936233414615061,2.505149978319906,NA,NA,NA,NA,NA,NA,NA,NA,NA,NA
nhdhr_139268769,Anoxia,developed,48.29821718,5.9967585089,11.1831442464,23.8249594814,"(5,10]","(1e+05,1e+06]",0.8062342574014825,5.932981125334423,2.505149978319906,0.979494986099774,1.04091248254727e-7,0.0205049098089777,0.214955836035707,0.379120412035491,0.16115590840285,0.244767843525952,4413.3,0.9,3.5
nhdhr_139269431,Constant,wetlands,28.844056706700002,18.8113413304,7.5790621592,33.4242093784,"(30,35]","(1e+06,1e+07]",1.5052042617375012,6.578989235633895,2.505149978319906,0.0823486525690928,3.9481428382026e-5,0.917611866002525,0.282105419359457,0.326958848834808,0.215298189437611,0.175637542368124,1260.1,29.5,7.5
nhdhr_139269433,Constant,wetlands,17.5914994097,30.4604486423,3.3057851239,42.3848878394,"(15,20]","(1e+06,1e+07]",1.2322029896737636,6.022508214374035,2.505149978319906,0.245594088733555,8.27793362282593e-5,0.754323131930216,0.262260580427171,0.294616694676229,0.252459179213646,0.190663545682954,171.2,41.3,5.4
nhdhr_141288146,Anoxia,forest,23.6839151419,37.7483443708,10.2929621731,14.7940285105,"(5,10]","(1e+07,1e+09]",0.8642262043791692,7.464630729654989,2.505149978319906,0.999690261122593,4.49279159674093e-5,2.648109614389e-4,0.213017785829229,0.278718243537765,0.255366214408914,0.252897756224091,11.9,23997.3,7.5
nhdhr_141288680,Linear,water,3.5714285714,30.6722689076,17.8571428572,0.2100840336,"(15,20]","(1e+05,1e+06]",1.2764618041732436,5.905441366970544,2.505149978319906,0.337922310530607,6.88217949069867e-7,0.662077001251444,0.247661326622392,0.365300456768028,0.210512127629033,0.176526088980547,175.5,23.6,4.3
nhdhr_143249192,Linear,developed,49.2720306513,14.9042145594,5.0191570881,15.5172413793,"(25,30]","(1e+06,1e+07]",1.4571428162672617,6.694476773807766,2.505149978319906,0.367397041252632,2.43066002431955e-5,0.632578652147125,0.253802891918714,0.342419863915181,0.200360264080446,0.203416980085659,995.9,25.4,4.4
nhdhr_143249221,Linear,developed,70.0214132762,6.209850107,2.1413276232,5.7815845825,"(15,20]","(1e+05,1e+06]",1.182984967003582,5.592088073205069,2.505149978319906,0.82547541417443,1.14769890954189e-5,0.174513108836474,0.240079987889985,0.344259045978254,0.188917295673444,0.226743670458317,3631.2,7.8,4.2
nhdhr_143249294,Anoxia,wetlands,16.5881244109,29.8774740811,3.534401508,44.5805843544,"(15,20]","(1e+06,1e+07]",1.276406652165817,6.516989565060443,2.505149978319906,0.194082883792821,4.5786110300729e-4,0.805459255104172,0.268540658988853,0.29528808155276,0.23186926493484,0.204301994523546,352.2,58.9,5.1
nhdhr_143249413,Constant,forest,24,40.7272727273,0.9090909091,17.4545454545,"(15,20]","(1e+06,1e+07]",1.26934479767833,6.049546169853686,2.505149978319906,0.497719273766022,6.8576350944759e-4,0.501594962724531,0.242742937318598,0.270567784839816,0.279573574852376,0.207115702989209,13.9,370.5,3.6
nhdhr_143249464,Anoxia,forest,7.3015873016,35.2380952381,9.2063492064,27.6190476191,"(10,15]","(1e+05,1e+06]",1.0860749539955254,5.598647297120646,2.505149978319906,0.247462940994955,6.72406874220817e-6,0.752530334936303,0.251631773521435,0.333044120735072,0.231540075014672,0.183784030728821,1735,1.4,3.2
nhdhr_143249470,Linear,developed,42.1761916645,27.0776141753,6.1891689543,12.4282505615,"(25,30]","(1e+07,1e+09]",1.4031205211758182,7.597821467226758,2.505149978319906,9.8136493388069e-7,0.832562666638974,0.167436351996092,0.264958234183133,0.358023678666809,0.17779332229784,0.199224764852218,377.8,640.1,4.8
nhdhr_143249522,Anoxia,wetlands,16.6666666667,10.3603603604,14.2642642643,52.5525525526,"(10,15]","(1e+06,1e+07]",1.1467727943491373,6.008843565553446,2.505149978319906,0.055952922429021,1.8761688696712e-4,0.943859460684012,0.269047055826523,0.283635891361259,0.267729376834927,0.179587675977291,386.6,9.9,3.3
nhdhr_143249640,Anoxia,developed,66.9874476988,15.8577405858,5.1464435147,3.2635983264,"(20,25]","(1e+07,1e+09]",1.3521825181113625,7.13346179752006,2.505149978319906,0.180138805528678,9.9603322330246e-4,0.81886516124802,0.258687899124064,0.338264290232425,0.183545327886603,0.219502482756908,149.6,729,6.6
nhdhr_143249705,Constant,wetlands,40.3041825096,3.6755386566,0.2534854246,53.1051964512,"(5,10]","(1e+06,1e+07]",0.8260748027008257,6.1341431317776065,2.505149978319906,0.990400966798795,3.87038296278284e-7,0.00959864616290822,0.217047114867682,0.358599618853062,0.16287891828717,0.261474347992086,222.3,22.1,3.1
nhdhr_143249864,Constant,wetlands,41.1985018727,7.1161048689,1.4981273408,45.6928838951,"(10,15]","(1e+05,1e+06]",1.0280830070178388,5.419148168670247,2.505149978319906,0.0783366235651406,2.3012465367384e-4,0.921433251781186,0.266418023729812,0.284162021918503,0.265961551136762,0.183458403214922,321.6,2,2.2
nhdhr_143250015,Constant,developed,40.7751091704,17.0851528384,5.7860262009,25.2183406113,"(5,10]","(1e+07,1e+09]",0.9753766565018358,7.112640245135976,2.505149978319906,0.801354118182949,2.68777650700795e-6,0.198643194040543,0.229373693323497,0.372909513317273,0.173541171728781,0.224175621630449,87.2,986.7,5.5
nhdhr_143250529,Anoxia,wetlands,15.7609827191,8.4946908183,6.4751197169,47.9075577764,"(0,5]","(1e+07,1e+09]",0.32911300268182,7.632515462655468,2.505149978319906,0.999214093751891,3.70459418725026e-7,7.855357886904e-4,0.210980327608557,0.298070575000203,0.244131273998854,0.246817823392387,70.9,6675.1,7.5
nhdhr_143250615,Constant,forest,18.4397163121,55.3191489361,6.7375886525,0,"(5,10]","(1e+05,1e+06]",0.7850449583315443,5.4962098034572975,2.505149978319906,0.316382546960422,3.45191296856646e-5,0.683582933909893,0.245277845464619,0.296268178544102,0.273142674505417,0.185311301485862,515.4,3.8,4.1
nhdhr_143251029,Anoxia,developed,54.7248803828,18.869617225,4.5454545455,13.8456937799,"(15,20]","(1e+06,1e+07]",1.2322029896737636,6.887453203880646,2.505149978319906,0.109755646682082,1.9969172240225e-4,0.890044661595516,0.249609895030262,0.318365930190173,0.231263910112032,0.200760264667533,306.2,106.6,3.3
nhdhr_143398250,Constant,NA,NA,NA,NA,NA,NA,NA,NA,NA,NA,0.943062859371316,1.8507751224894e-4,0.0567520631164352,0.231376223440628,0.332897716678772,0.18856048908186,0.24716557079874,132.2,2498.8,1
nhdhr_143416561,Constant,cultivated,11.537114846,6.4133986928,45.5678104575,24.781162465,"(15,20]","(1e+07,1e+09]",1.2082102578234173,8.508476081527597,2.505149978319906,2.69326076562983e-74,1,4.30698791504702e-26,0.251617708235365,0.343023983294692,0.196425518644993,0.208932789824949,4678,8623.3,8.3
nhdhr_143418975,Constant,NA,NA,NA,NA,NA,NA,NA,NA,NA,NA,0.137053436788998,0.0034762979715401,0.859470265239462,0.240392191470958,0.318781376984444,0.202367689334801,0.238458742209797,362.9,9446.4,9.6
nhdhr_145088870,Constant,herbaceous,20.5681818181,27.7272727272,1.1931818182,10.8522727273,"(5,10]","(1e+06,1e+07]",0.9573283139604701,6.605027570788675,2.505149978319906,0.815017907822259,6.87404735934733e-6,0.184975218130381,0.246918610438112,0.346421756207013,0.186599794773912,0.220059838580963,4896.5,76.3,5.8
nhdhr_147307413,Constant,cultivated,3.1193078325,0,61.6120218579,1.0018214936,"(0,5]","(1e+06,1e+07]",0.6654374625242111,6.8981925065511795,2.505149978319906,0.999950879389982,1.42148343193382e-8,4.91063951841518e-5,0.226354026154761,0.282810624752802,0.257270355515496,0.233564993576941,510.3,2649.2,74.9
nhdhr_151948642,Linear,forest,19.3548387097,48.2526881721,1.8481182795,21.2029569893,"(5,10]","(1e+06,1e+07]",0.9931062920503629,6.987254839560965,2.505149978319906,0.934790611148822,3.96475782856551e-5,0.0651697412728919,0.22809558291093401,0.300506879073135,0.238233164373642,0.233164373642288,698.7,145.4,8.9
nhdhr_151949699,Anoxia,developed,52.7123082679,24.1301907969,5.5368499813,10.5499438833,"(5,10]","(1e+06,1e+07]",0.7627685636203921,6.541391329711464,2.505149978319906,0.572727402603892,5.1690426991631e-4,0.426755693126192,0.240924092409241,0.281353135313531,0.264851485148515,0.212871287128713,9.5,1043.9,3.1
nhdhr_151949888,Linear,NA,NA,NA,NA,NA,"(5,10]","(1e+05,1e+06]",0.9611362173872255,5.7933592716541735,2.505149978319906,0.926791153181429,3.38210514752305e-7,0.0732085086080561,0.202035717139821,0.337618747573855,0.250395839855568,0.209949695430756,12.8,156.1,3.1
